<?xml version="1.0" encoding="UTF-8"?>
<!-- Produced by Beyond Compare 4 from Scooter Software -->
<BCSessions Version="1" MinVersion="1">
	<TSessionFolder>
		<Items>
			<TSessionFolder>
				<Items>
					<TDirCompareSession Value="coolapk_apktool &lt;--> coolapkzip">
						<LastModified Value="2018-01-15 02:07:13"/>
						<Specs>
							<Left Value="D:\cwd\androsec\androtool\test\coolapk_apktool"/>
							<Right Value="D:\cwd\androsec\androtool\test\coolapkzip"/>
						</Specs>
						<State>
							<DisplayFilter Value="[showLeftAdded, showRightAdded, showLeftChanged, showRightChanged, showConflict]"/>
						</State>
					</TDirCompareSession>
				</Items>
			</TSessionFolder>
			<TDirCompareSession>
				<State>
					<DisplayFilter Value="[showLeftAdded, showRightAdded, showLeftChanged, showRightChanged, showConflict]"/>
				</State>
			</TDirCompareSession>
		</Items>
	</TSessionFolder>
</BCSessions>
