<?xml version="1.0" encoding="UTF-8"?>
<!-- Produced by Beyond Compare 4 from Scooter Software -->
<BCState Version="1" MinVersion="1">
	<TBcState>
		<FirstStartup Value="False"/>
		<FormPositions>
			<TViewFrame Value="32;32;1664;907;;120"/>
		</FormPositions>
	</TBcState>
	<TCheckForUpdatesState>
		<Build Value="22587"/>
		<LastChecked Value="2018-01-15 02:02:00"/>
	</TCheckForUpdatesState>
	<TDirCompareState>
		<LeftMRUSpecs>
			<_0 Value="D:\cwd\androsec\androtool\test\coolapk_apktool"/>
		</LeftMRUSpecs>
		<RightMRUSpecs>
			<_0 Value="D:\cwd\androsec\androtool\test\coolapkzip"/>
		</RightMRUSpecs>
	</TDirCompareState>
	<THexCompareState>
		<MRUFonts>
			<_0 Value="Consolas;10"/>
		</MRUFonts>
		<RightMRUSpecs>
			<_0 Value="D:\cwd\androsec\androtool\test\coolapkzip\classes.dex"/>
		</RightMRUSpecs>
	</THexCompareState>
	<THomeState>
		<SessionType Value="TDirCompareSession"/>
	</THomeState>
	<TTextCompareState>
		<LeftMRUSpecs>
			<_0 Value="D:\cwd\androsec\androtool\test\coolapk_apktool\apktool.yml"/>
			<_1 Value="D:\cwd\androsec\androtool\test\coolapk_apktool\AndroidManifest.xml"/>
		</LeftMRUSpecs>
		<MRUFonts>
			<_0 Value="Consolas;10"/>
		</MRUFonts>
		<RightMRUSpecs>
			<_0 Value="D:\cwd\androsec\androtool\test\coolapkzip\AndroidManifest.xml"/>
		</RightMRUSpecs>
	</TTextCompareState>
</BCState>
